UDP Typology,luof_count,pop_18,Annual Rate Per 10 Million Population
Gentrifying,541,17818282,50.603456981243575
L-income/At-risk,2476,72763075,56.71374755212952
Stable,3403,225877492,25.10948132302915
