UDP Typology,Victim,luof_count,population,Annual Rate Per 10 Million Population
Gentrifying,Black,220,3603811,101.74414437013112
Gentrifying,Hispanic/Latino,102,3762330,45.1847658233063
Gentrifying,White,219,8778360,41.57952054825731
L-income/At-risk,Black,864,16263578,88.54140214410383
L-income/At-risk,Hispanic/Latino,527,18358211,47.844168112749834
L-income/At-risk,White,1085,33408864,54.1273517511201
Stable,Black,673,19323611,58.04643172886614
Stable,Hispanic/Latino,626,35062874,29.75607000536617
Stable,White,2104,151315461,23.174543060518232
